<?xml version="1.0" encoding="utf-8" ?>
<component name="LayerDetails" extends="Rectangle">

  <script type="text/brightscript" uri="LayerDetails.brs"/>

  <interface> 
    <field id = "content" type = "node"/>
  </interface>

	<children>
		<Poster
                id="imgPoster"
                translation="[55,55]"
                />

		<LayoutGroup translation="[200,55]" itemSpacings = "[20]">
			<Label
                        id="lbCast"
                        horizAlign = "left"
                        />
			<Label
                        id="lbYear"
                        horizAlign = "left"
                        />
			<Label
                        id="lbTitle"
                        horizAlign = "left"
                        />
			<Label
                        id="lbGenres"
                        horizAlign = "left"
                        />
			<Label
                        id="lbLength"
                        horizAlign = "left"
                        />
			<Label
                        id="lbDirector"
                        horizAlign = "left"
                        />
			<Label
                        id="lbRating"
                        horizAlign = "left"
                        />
			<Label
                        id="lbDescription"
                        width="1000"
                        wrap = "true"
                        />
			<MarkupGrid 
                        id = "buttons"
                        itemcomponentname = "DetailsButton"
                        numColumns = "2"
                        numRows = "1"
                        itemSize = "[ 400, 50 ]"
                        itemSpacing = "[ 20, 20 ]"
                        />
		</LayoutGroup>
	</children>
</component>
