<?xml version="1.0" encoding="utf-8" ?>
<component name="LayerDetails" extends="Rectangle">

  <interface> 
    <field id = "content" type = "node"/>
    <field id = "isVideoFullScreen" type = "boolean" />
  </interface>

  <script type = "text/brightscript" uri="LayerDetails.brs"/>

	<children>
    <MaskGroup maskUri="pkg:/images/Untitled.png" maskSize="[2400,370]" maskOffset="[500,0]">
        <Poster id="bkg" width = "1280" height="370" uri="pkg:/images/trailer.jpg" />
    </MaskGroup>
        <LayoutGroup translation="[20,20]" id="upper_info" itemSpacings="[10, 5, 7, 20, 5, 20]">
            <Label 
                id="channel_name" 
                text="My Roku Channel" 
                >
            </Label>
            <Label id="title" text="Deep Impact">
            </Label>
            <MultiStyleLabel id="general_details" text="1998 | PG-13 | 2h 00m | Adventure | Dramas | Action">
            </MultiStyleLabel>
            <Label id="description" width="640" text="Troubled people attempt to mend their lives as they brace themselves for a comet that threatens Earth." wrap="true">
            </Label>
            <Label id="cast" text="Robert Duvall, Tea Leoni, Elijah Wood" color="#8A2BE2FF">
            </Label>
            <MultiStyleLabel id="directed_by" text="Directed By: Mimi Leder">
            </MultiStyleLabel>
            <LayoutGroup id="buttons" layoutDirection="horizontal" itemSpacings="[25]">
                <Button id="bp" Height="61" minWidth="206" maxWidth="206" showFocusFootprint="true" focusediconuri="" iconUri="" focusBitmapUri="pkg:/images/btn_play_focused.png" focusFootprintBitmapUri="pkg:/images/btn_bkg_unfocused.png"/>
                <Button id="bfs" showFocusFootprint="true" focusediconuri="" iconUri="" focusBitmapUri="pkg:/images/btn_bkg.png" focusFootprintBitmapUri="pkg:/images/btn_bkg_unfocused.png"  text = "Go To Full Screen"/>
            </LayoutGroup>
        </LayoutGroup>

        <Label translation="[20, 400]" text="DETAILS"/>

        <LayoutGroup translation="[20,450]" id="lower_info" layoutDirection="horiz" itemSpacings="[25]">
            <Label width="400" id="lower_description" wrap="true" text="Troubled people attempt to mend their lives as they brace themselves for a comet that threatens Earth."/>
            <LayoutGroup id="lower_details" itemSpacings="[10]">
                <MultiStyleLabel id="lower_cast" width="400" wrap="true" text="Cast: Robert Duvall, Tea Leoni, Elijah Wood"/>
                <MultiStyleLabel id="lower_genres"  width="400" wrap="true" text="Genres: Adventure, Dramas, Action, Sci-fi"/>
                <MultiStyleLabel id="lower_directors"  width="400" wrap="true" text="Directors: Mimi Leder"/>
            </LayoutGroup>
        </LayoutGroup>
        <Video translation="[850, 450]" id="local_video" width="370" height="208"/>
    </children>
</component>
