<?xml version="1.0" encoding="utf-8" ?>
<component name="LayerMenu" extends="Group">
  <script type="text/brightscript" uri="LayerMenu.brs"/>

  <children>

  <MarkupGrid
      id = "lGrid"
      itemcomponentname = "GridItem"
      numColumns = "7"
      numRows = "2"
      itemSize = "[ 150, 300 ]"
      itemSpacing = "[ 20, 20 ]"
      translation = "[50, 300]"
  />

    <LayoutGroup translation="[50,50]" itemSpacings="[10]">
    <Label
        id="lbTopTitle"
        font = "font:LargeBoldSystemFont"
    />
    <Label
        id="lbTopDesc"
        width = "1000"
        height = "400"
        wrap = "true"
    />
      
  </LayoutGroup>
<Label id="no_results" visible="false" width = "1280" horizAlign = "center" translation = "[0, 560]"/>

  <Keyboard translation="[30, 200]" visible="false" id="search" clippingRect="[ 0.0, 0.0, 1280.0, 60.0 ]">
      <Label id="search_placeholder" translation="[30,12]" text = "Press * to search..."/>
  </Keyboard>
  </children>
</component>
