{
    "Search":[
       {
          "Title":"Into the Wild",
          "Year":"2007",
          "imdbID":"tt0758758",
          "Type":"movie",
          "Poster":"https://m.media-amazon.com/images/M/MV5BNjQ0ODlhMWUtNmUwMS00YjExLWI4MjQtNjVmMmE2Y2E0MGRmXkEyXkFqcGdeQXVyNDk3NzU2MTQ@._V1_SX300.jpg"
       },
       {
          "Title":"Wild Tales",
          "Year":"2014",
          "imdbID":"tt3011894",
          "Type":"movie",
          "Poster":"https://m.media-amazon.com/images/M/MV5BNGQzY2Y0MTgtMDA4OC00NjM3LWI0ZGQtNTJlM2UxZDQxZjI0XkEyXkFqcGdeQXVyNDUzOTQ5MjY@._V1_SX300.jpg"
       },
       {
          "Title":"Wild Wild West",
          "Year":"1999",
          "imdbID":"tt0120891",
          "Type":"movie",
          "Poster":"https://m.media-amazon.com/images/M/MV5BYmYyMTc4YjItMGNhNC00OWQwLWJhMWUtNTdjZDgxMDI5MjE2L2ltYWdlXkEyXkFqcGdeQXVyMTQxNzMzNDI@._V1_SX300.jpg"
       },
       {
          "Title":"Wild",
          "Year":"2014",
          "imdbID":"tt2305051",
          "Type":"movie",
          "Poster":"https://m.media-amazon.com/images/M/MV5BMGMzZmYzYmUtNTJiYi00MjZjLTkyZmMtZGJhYWRlMDBkMDIyXkEyXkFqcGdeQXVyNjA5MDIyMzU@._V1_SX300.jpg"
       },
       {
          "Title":"Wild Things",
          "Year":"1998",
          "imdbID":"tt0120890",
          "Type":"movie",
          "Poster":"https://m.media-amazon.com/images/M/MV5BODMyYTlkNWYtODAzMC00ZjFiLWE3YjctMGUyMzM1MDk3ZDFlXkEyXkFqcGdeQXVyMTQxNzMzNDI@._V1_SX300.jpg"
       },
       {
          "Title":"Wild Hogs",
          "Year":"2007",
          "imdbID":"tt0486946",
          "Type":"movie",
          "Poster":"https://m.media-amazon.com/images/M/MV5BZWZlMzQ5NmItNjBmMS00NDgyLThiNDYtZWU2MzA3YjZmOGU5XkEyXkFqcGdeQXVyMTQxNzMzNDI@._V1_SX300.jpg"
       },
       {
          "Title":"Wild Strawberries",
          "Year":"1957",
          "imdbID":"tt0050986",
          "Type":"movie",
          "Poster":"https://m.media-amazon.com/images/M/MV5BYWQxYzdhMDMtNjAyZC00NzE0LWFjYmQtYjk0YzMyYjA5NzZkXkEyXkFqcGdeQXVyMjUzOTY1NTc@._V1_SX300.jpg"
       },
       {
          "Title":"Where the Wild Things Are",
          "Year":"2009",
          "imdbID":"tt0386117",
          "Type":"movie",
          "Poster":"https://m.media-amazon.com/images/M/MV5BNzQ1NzAwODEwM15BMl5BanBnXkFtZTcwNTE4MjI4Mg@@._V1_SX300.jpg"
       },
       {
          "Title":"Wild at Heart",
          "Year":"1990",
          "imdbID":"tt0100935",
          "Type":"movie",
          "Poster":"https://m.media-amazon.com/images/M/MV5BMjAxYmJhMTMtNmZlZi00ZWJlLTlmMjctOTg5ZTg4MzZmOWM2XkEyXkFqcGdeQXVyMTQxNzMzNDI@._V1_SX300.jpg"
       },
       {
          "Title":"The Wild Bunch",
          "Year":"1969",
          "imdbID":"tt0065214",
          "Type":"movie",
          "Poster":"https://m.media-amazon.com/images/M/MV5BNGUyYTZmOWItMDJhMi00N2IxLWIyNDMtNjUxM2ZiYmU5YWU1XkEyXkFqcGdeQXVyNjc1NTYyMjg@._V1_SX300.jpg"
       }
    ],
    "totalResults":"3457",
    "Response":"True"
 }